{"cameraMode":{"drawMode":0,"name":"Shaded","section":"Shading Mode"},"sceneLighting":false,"audioPlay":false,"sceneViewState":{"showFog":true,"showMaterialUpdate":false,"showSkybox":false,"showFlares":true,"showImageEffects":true,"showParticleSystems":true},"in2DMode":false,"pivot":{"x":-7.240838527679443,"y":-3.6935606002807619,"z":9.988353729248047},"rotation":{"x":0.2038124054670334,"y":-0.07158154994249344,"z":0.0149445291608572,"w":0.976280152797699},"size":20.141878128051759,"orthographic":false}