{"cameraMode":{"drawMode":0,"name":"Shaded","section":"Shading Mode"},"sceneLighting":true,"audioPlay":false,"sceneViewState":{"showFog":true,"showMaterialUpdate":false,"showSkybox":true,"showFlares":true,"showImageEffects":true,"showParticleSystems":true},"in2DMode":false,"pivot":{"x":1208.2109375,"y":566.8563232421875,"z":242.8048095703125},"rotation":{"x":-0.15544238686561585,"y":0.05390438064932823,"z":-0.008500222116708756,"w":-0.986343502998352},"size":585.1251831054688,"orthographic":false}