{"cameraMode":{"drawMode":0,"name":"Shaded","section":"Shading Mode"},"sceneLighting":false,"audioPlay":false,"sceneViewState":{"showFog":true,"showMaterialUpdate":false,"showSkybox":false,"showFlares":true,"showImageEffects":true,"showParticleSystems":true},"in2DMode":false,"pivot":{"x":-16.953826904296876,"y":-32.569908142089847,"z":21.657398223876954},"rotation":{"x":0.17744769155979157,"y":-0.1423352211713791,"z":0.02594571001827717,"w":0.9734403491020203},"size":46.45433807373047,"orthographic":false}