{"cameraMode":{"drawMode":0,"name":"Shaded","section":"Shading Mode"},"sceneLighting":false,"audioPlay":false,"sceneViewState":{"showFog":true,"showMaterialUpdate":false,"showSkybox":false,"showFlares":true,"showImageEffects":true,"showParticleSystems":true},"in2DMode":false,"pivot":{"x":-0.33041250705718996,"y":0.3964895009994507,"z":0.11563479900360108},"rotation":{"x":-0.22832749783992768,"y":0.5327082276344299,"z":-0.15192006528377534,"w":-0.8006319403648377},"size":1.376197099685669,"orthographic":false}