{"cameraMode":{"drawMode":0,"name":"Shaded","section":"Shading Mode"},"sceneLighting":false,"audioPlay":false,"sceneViewState":{"showFog":true,"showMaterialUpdate":false,"showSkybox":false,"showFlares":true,"showImageEffects":true,"showParticleSystems":true},"in2DMode":false,"pivot":{"x":1.4272490739822388,"y":11.116933822631836,"z":107.49373626708985},"rotation":{"x":-0.03792670741677284,"y":0.953926146030426,"z":-0.2643238604068756,"w":-0.13687542080879212},"size":7.481744766235352,"orthographic":false}