{"cameraMode":{"drawMode":0,"name":"Shaded","section":"Shading Mode"},"sceneLighting":false,"audioPlay":false,"sceneViewState":{"showFog":true,"showMaterialUpdate":false,"showSkybox":false,"showFlares":true,"showImageEffects":true,"showParticleSystems":true},"in2DMode":false,"pivot":{"x":1.4209799766540528,"y":-3.143480062484741,"z":21.658222198486329},"rotation":{"x":0.16550879180431367,"y":0.07861917465925217,"z":-0.01323745958507061,"w":0.9829845428466797},"size":13.359670639038086,"orthographic":false}