{"cameraMode":{"drawMode":0,"name":"Shaded","section":"Shading Mode"},"sceneLighting":false,"audioPlay":false,"sceneViewState":{"showFog":true,"showMaterialUpdate":false,"showSkybox":false,"showFlares":true,"showImageEffects":true,"showParticleSystems":true},"in2DMode":false,"pivot":{"x":-1.3299999237060547,"y":1.194000005722046,"z":29.511999130249025},"rotation":{"x":-0.14159943163394929,"y":0.6115971207618713,"z":-0.11243581026792526,"w":-0.7702330350875855},"size":2.9877877235412599,"orthographic":false}