{"cameraMode":{"drawMode":0,"name":"Shaded","section":"Shading Mode"},"sceneLighting":false,"audioPlay":false,"sceneViewState":{"showFog":true,"showMaterialUpdate":false,"showSkybox":false,"showFlares":true,"showImageEffects":true,"showParticleSystems":true},"in2DMode":false,"pivot":{"x":5.916416168212891,"y":0.7154812812805176,"z":81.53239440917969},"rotation":{"x":0.008494381792843342,"y":-0.21080264449119569,"z":-0.0018385807052254677,"w":-0.9774962067604065},"size":5.107395172119141,"orthographic":false}