{"cameraMode":{"drawMode":0,"name":"Shaded","section":"Shading Mode"},"sceneLighting":false,"audioPlay":false,"sceneViewState":{"showFog":true,"showMaterialUpdate":false,"showSkybox":false,"showFlares":true,"showImageEffects":true,"showParticleSystems":true},"in2DMode":false,"pivot":{"x":25.229290008544923,"y":22.402843475341798,"z":31.264663696289064},"rotation":{"x":0.008350085467100144,"y":-0.9261747598648071,"z":-0.020558711141347886,"w":-0.37646976113319399},"size":28.148757934570314,"orthographic":false}