{"cameraMode":{"drawMode":0,"name":"Shaded","section":"Shading Mode"},"sceneLighting":false,"audioPlay":false,"sceneViewState":{"showFog":true,"showMaterialUpdate":false,"showSkybox":false,"showFlares":true,"showImageEffects":true,"showParticleSystems":true},"in2DMode":false,"pivot":{"x":22.00194549560547,"y":12.267499923706055,"z":-14.152691841125489},"rotation":{"x":0.2979663908481598,"y":-0.36479848623275759,"z":0.12446631491184235,"w":0.8733035922050476},"size":2.316500186920166,"orthographic":false}