{"cameraMode":{"drawMode":0,"name":"Shaded","section":"Shading Mode"},"sceneLighting":false,"audioPlay":false,"sceneViewState":{"showFog":true,"showMaterialUpdate":true,"showSkybox":false,"showFlares":true,"showImageEffects":true,"showParticleSystems":true},"in2DMode":false,"pivot":{"x":0.04320192337036133,"y":16.01389503479004,"z":59.86745071411133},"rotation":{"x":-0.2652266323566437,"y":-0.05001654848456383,"z":0.013778351247310639,"w":-0.9627905488014221},"size":20.03155517578125,"orthographic":false}