{"cameraMode":{"drawMode":0,"name":"Shaded","section":"Shading Mode"},"sceneLighting":true,"audioPlay":false,"sceneViewState":{"showFog":true,"showMaterialUpdate":true,"showSkybox":true,"showFlares":true,"showImageEffects":true,"showParticleSystems":true},"in2DMode":false,"pivot":{"x":1456.346435546875,"y":536.1780395507813,"z":-517.4268798828125},"rotation":{"x":0.24328963458538056,"y":-0.489432692527771,"z":0.14436237514019013,"w":0.8248884677886963},"size":8.577726364135743,"orthographic":false}