{"cameraMode":{"drawMode":0,"name":"Shaded","section":"Shading Mode"},"sceneLighting":false,"audioPlay":false,"sceneViewState":{"showFog":true,"showMaterialUpdate":true,"showSkybox":false,"showFlares":true,"showImageEffects":true,"showParticleSystems":true},"in2DMode":false,"pivot":{"x":0.007864117622375489,"y":0.5383198261260986,"z":-0.011468589305877686},"rotation":{"x":-0.2226865440607071,"y":-0.0782862976193428,"z":0.017943289130926133,"w":-0.9715765714645386},"size":0.9385034441947937,"orthographic":false}