{"cameraMode":{"drawMode":0,"name":"Shaded","section":"Shading Mode"},"sceneLighting":false,"audioPlay":false,"sceneViewState":{"showFog":true,"showMaterialUpdate":true,"showSkybox":false,"showFlares":true,"showImageEffects":true,"showParticleSystems":true},"in2DMode":false,"pivot":{"x":-0.07999992370605469,"y":8.565999984741211,"z":39.86072540283203},"rotation":{"x":-0.2226865440607071,"y":-0.0782862976193428,"z":0.017943289130926133,"w":-0.9715765714645386},"size":33.19315719604492,"orthographic":false}