{"cameraMode":{"drawMode":0,"name":"Shaded","section":"Shading Mode"},"sceneLighting":false,"audioPlay":false,"sceneViewState":{"showFog":true,"showMaterialUpdate":true,"showSkybox":false,"showFlares":true,"showImageEffects":true,"showParticleSystems":true},"in2DMode":false,"pivot":{"x":-0.0003204345703125,"y":3.0135321617126467,"z":0.0022144317626953127},"rotation":{"x":-0.24539914727210999,"y":0.4202832281589508,"z":-0.11917657405138016,"w":-0.8654134273529053},"size":5.458866119384766,"orthographic":false}