{"cameraMode":{"drawMode":0,"name":"Shaded","section":"Shading Mode"},"sceneLighting":false,"audioPlay":false,"sceneViewState":{"showFog":true,"showMaterialUpdate":true,"showSkybox":false,"showFlares":true,"showImageEffects":true,"showParticleSystems":true},"in2DMode":false,"pivot":{"x":9.34872055053711,"y":9.130313873291016,"z":-33.68203353881836},"rotation":{"x":0.005605396348983049,"y":-0.17253243923187257,"z":-0.0009823233122006059,"w":-0.9849897623062134},"size":6.8128862380981449,"orthographic":false}