{"cameraMode":{"drawMode":0,"name":"Shaded","section":"Shading Mode"},"sceneLighting":false,"audioPlay":false,"sceneViewState":{"showFog":true,"showMaterialUpdate":false,"showSkybox":false,"showFlares":true,"showImageEffects":true,"showParticleSystems":true},"in2DMode":false,"pivot":{"x":-20.0,"y":2.3114490509033205,"z":52.30000305175781},"rotation":{"x":0.17914049327373506,"y":-0.04573437198996544,"z":0.008337165229022503,"w":0.9827256202697754},"size":70.27200317382813,"orthographic":false}