{"cameraMode":{"drawMode":0,"name":"Shaded","section":"Shading Mode"},"sceneLighting":true,"audioPlay":false,"sceneViewState":{"showFog":true,"showMaterialUpdate":false,"showSkybox":true,"showFlares":true,"showImageEffects":true,"showParticleSystems":true},"in2DMode":false,"pivot":{"x":-6.830881118774414,"y":4.121477127075195,"z":-1.2210397720336915},"rotation":{"x":-0.00014592832303605974,"y":0.9985235333442688,"z":0.002686456311494112,"w":0.05427423119544983},"size":3.324744939804077,"orthographic":false}