{"cameraMode":{"drawMode":0,"name":"Shaded","section":"Shading Mode"},"sceneLighting":false,"audioPlay":false,"sceneViewState":{"showFog":true,"showMaterialUpdate":false,"showSkybox":false,"showFlares":true,"showImageEffects":true,"showParticleSystems":true},"in2DMode":false,"pivot":{"x":26.994462966918947,"y":1.5592823028564454,"z":50.60597229003906},"rotation":{"x":-0.3142465651035309,"y":-0.09433427453041077,"z":0.03139815106987953,"w":-0.9441275596618652},"size":17.53923225402832,"orthographic":false}