{"cameraMode":{"drawMode":0,"name":"Shaded","section":"Shading Mode"},"sceneLighting":true,"audioPlay":false,"sceneViewState":{"showFog":true,"showMaterialUpdate":false,"showSkybox":true,"showFlares":true,"showImageEffects":true,"showParticleSystems":true},"in2DMode":false,"pivot":{"x":6.97127628326416,"y":2.3630292415618898,"z":29.01569366455078},"rotation":{"x":-0.14613983035087586,"y":-0.3151044249534607,"z":0.04917704686522484,"w":-0.9364500641822815},"size":5.107395172119141,"orthographic":false}