{"cameraMode":{"drawMode":0,"name":"Shaded","section":"Shading Mode"},"sceneLighting":false,"audioPlay":false,"sceneViewState":{"showFog":true,"showMaterialUpdate":false,"showSkybox":false,"showFlares":true,"showImageEffects":true,"showParticleSystems":true},"in2DMode":false,"pivot":{"x":-20.0,"y":2.3114490509033205,"z":52.30000305175781},"rotation":{"x":-0.00014592832303605974,"y":0.9985235333442688,"z":0.002686456311494112,"w":0.05427423119544983},"size":70.27200317382813,"orthographic":false}