{"cameraMode":{"drawMode":0,"name":"Shaded","section":"Shading Mode"},"sceneLighting":true,"audioPlay":false,"sceneViewState":{"showFog":true,"showMaterialUpdate":false,"showSkybox":true,"showFlares":true,"showImageEffects":true,"showParticleSystems":true},"in2DMode":false,"pivot":{"x":-3.3347153663635256,"y":1.0636844635009766,"z":-2.8776745796203615},"rotation":{"x":-0.3148888349533081,"y":0.6366631984710693,"z":-0.3196520209312439,"w":-0.627163290977478},"size":54.09074401855469,"orthographic":false}