{"cameraMode":{"drawMode":0,"name":"Shaded","section":"Shading Mode"},"sceneLighting":false,"audioPlay":false,"sceneViewState":{"showFog":true,"showMaterialUpdate":false,"showSkybox":false,"showFlares":true,"showImageEffects":true,"showParticleSystems":true},"in2DMode":false,"pivot":{"x":17.131866455078126,"y":-7.474184989929199,"z":91.27054595947266},"rotation":{"x":-0.09830204397439957,"y":-0.12975849211215974,"z":0.012918624095618725,"w":-0.9865869283676148},"size":33.01641845703125,"orthographic":false}