{"cameraMode":{"drawMode":0,"name":"Shaded","section":"Shading Mode"},"sceneLighting":false,"audioPlay":false,"sceneViewState":{"showFog":true,"showMaterialUpdate":false,"showSkybox":false,"showFlares":true,"showImageEffects":true,"showParticleSystems":true},"in2DMode":false,"pivot":{"x":-0.3710132837295532,"y":0.030635833740234376,"z":54.25190734863281},"rotation":{"x":-0.30526402592658999,"y":0.05795956030488014,"z":-0.018618162721395494,"w":-0.9503263235092163},"size":6.015460014343262,"orthographic":false}