{"cameraMode":{"drawMode":0,"name":"Shaded","section":"Shading Mode"},"sceneLighting":false,"audioPlay":false,"sceneViewState":{"showFog":true,"showMaterialUpdate":false,"showSkybox":false,"showFlares":true,"showImageEffects":true,"showParticleSystems":true},"in2DMode":false,"pivot":{"x":13.185922622680664,"y":-4.555238723754883,"z":28.926136016845704},"rotation":{"x":-0.4552784264087677,"y":0.13606613874435426,"z":-0.0706334337592125,"w":-0.8770563006401062},"size":21.086645126342775,"orthographic":false}