{"cameraMode":{"drawMode":0,"name":"Shaded","section":"Shading Mode"},"sceneLighting":false,"audioPlay":false,"sceneViewState":{"showFog":true,"showMaterialUpdate":false,"showSkybox":false,"showFlares":true,"showImageEffects":true,"showParticleSystems":true},"in2DMode":false,"pivot":{"x":9.49700927734375,"y":8.793457984924317,"z":126.99224090576172},"rotation":{"x":-0.055040642619132999,"y":0.9378419518470764,"z":-0.17532290518283845,"w":-0.2944289445877075},"size":5.835399627685547,"orthographic":false}