{"cameraMode":{"drawMode":0,"name":"Shaded","section":"Shading Mode"},"sceneLighting":false,"audioPlay":false,"sceneViewState":{"showFog":true,"showMaterialUpdate":false,"showSkybox":false,"showFlares":true,"showImageEffects":true,"showParticleSystems":true},"in2DMode":false,"pivot":{"x":-0.7759523391723633,"y":-11.106054306030274,"z":73.02754211425781},"rotation":{"x":0.1878424882888794,"y":0.05888781324028969,"z":-0.01128361001610756,"w":0.9803693294525147},"size":33.667762756347659,"orthographic":false}