{"cameraMode":{"drawMode":0,"name":"Shaded","section":"Shading Mode"},"sceneLighting":true,"audioPlay":false,"sceneViewState":{"showFog":true,"showMaterialUpdate":false,"showSkybox":true,"showFlares":true,"showImageEffects":true,"showParticleSystems":true},"in2DMode":false,"pivot":{"x":457.2239685058594,"y":619.0391235351563,"z":-543.8966064453125},"rotation":{"x":-0.24222314357757569,"y":-0.034033022820949557,"z":0.008506729267537594,"w":-0.9695894718170166},"size":45.14677047729492,"orthographic":false}