{"cameraMode":{"drawMode":0,"name":"Shaded","section":"Shading Mode"},"sceneLighting":false,"audioPlay":false,"sceneViewState":{"showFog":true,"showMaterialUpdate":false,"showSkybox":false,"showFlares":true,"showImageEffects":true,"showParticleSystems":true},"in2DMode":false,"pivot":{"x":3.855545997619629,"y":8.698097229003907,"z":22.022634506225587},"rotation":{"x":-0.30526402592658999,"y":0.05795956030488014,"z":-0.018618162721395494,"w":-0.9503263235092163},"size":7.932324409484863,"orthographic":false}