{"cameraMode":{"drawMode":0,"name":"Shaded","section":"Shading Mode"},"sceneLighting":false,"audioPlay":false,"sceneViewState":{"showFog":true,"showMaterialUpdate":false,"showSkybox":false,"showFlares":true,"showImageEffects":true,"showParticleSystems":true},"in2DMode":false,"pivot":{"x":-5.513469696044922,"y":-7.147820472717285,"z":7.891434669494629},"rotation":{"x":0.010801207274198532,"y":0.9180464744567871,"z":-0.3955342173576355,"w":0.025069866329431535},"size":12.89770221710205,"orthographic":false}