{"cameraMode":{"drawMode":0,"name":"Shaded","section":"Shading Mode"},"sceneLighting":true,"audioPlay":false,"sceneViewState":{"showFog":true,"showMaterialUpdate":false,"showSkybox":true,"showFlares":true,"showImageEffects":true,"showParticleSystems":true},"in2DMode":false,"pivot":{"x":-20.691709518432618,"y":25.311676025390626,"z":214.5194549560547},"rotation":{"x":-0.22513900697231294,"y":0.5807840824127197,"z":-0.1712954044342041,"w":-0.7633292078971863},"size":170.13597106933595,"orthographic":false}