{"cameraMode":{"drawMode":0,"name":"Shaded","section":"Shading Mode"},"sceneLighting":false,"audioPlay":false,"sceneViewState":{"showFog":true,"showMaterialUpdate":false,"showSkybox":false,"showFlares":true,"showImageEffects":true,"showParticleSystems":true},"in2DMode":false,"pivot":{"x":-3.0180160999298097,"y":-0.2346048355102539,"z":49.748565673828128},"rotation":{"x":0.17316241562366486,"y":-0.054636646062135699,"z":0.009616249240934849,"w":0.983335554599762},"size":38.840843200683597,"orthographic":false}