{"cameraMode":{"drawMode":0,"name":"Shaded","section":"Shading Mode"},"sceneLighting":true,"audioPlay":false,"sceneViewState":{"showFog":true,"showMaterialUpdate":false,"showSkybox":true,"showFlares":true,"showImageEffects":true,"showParticleSystems":true},"in2DMode":false,"pivot":{"x":284.4213562011719,"y":135.93783569335938,"z":-25.615707397460939},"rotation":{"x":-0.13930772244930268,"y":-0.025830259546637536,"z":0.003636442357674241,"w":-0.9899101257324219},"size":131.9876251220703,"orthographic":false}