{"cameraMode":{"drawMode":0,"name":"Shaded","section":"Shading Mode"},"sceneLighting":false,"audioPlay":false,"sceneViewState":{"showFog":true,"showMaterialUpdate":false,"showSkybox":false,"showFlares":true,"showImageEffects":true,"showParticleSystems":true},"in2DMode":false,"pivot":{"x":-5.074394226074219,"y":6.760013580322266,"z":19.45562171936035},"rotation":{"x":-0.03115018457174301,"y":0.8513668775558472,"z":-0.521169126033783,"w":-0.050886232405900958},"size":30.679126739501954,"orthographic":false}