{"cameraMode":{"drawMode":0,"name":"Shaded","section":"Shading Mode"},"sceneLighting":true,"audioPlay":false,"sceneViewState":{"showFog":true,"showMaterialUpdate":false,"showSkybox":true,"showFlares":true,"showImageEffects":true,"showParticleSystems":true},"in2DMode":false,"pivot":{"x":-0.22908177971839906,"y":1.8222675323486329,"z":-0.016393423080444337},"rotation":{"x":-0.00014592832303605974,"y":0.9985235333442688,"z":0.002686456311494112,"w":0.05427423119544983},"size":1.4967886209487916,"orthographic":false}